Temperature,Map,Simulations,Return,Discounted Return
1,"['SHHFFFF', 'FHFFFHF', 'FFFHFFF', 'HFFHHHF', 'FFFFHHF', 'FFFHFHF', 'HFHHFHG']",247,0.0,0.0
1,"['SHHFFFF', 'FFHFHHH', 'HFFHFFH', 'HHFHFHF', 'FHFFFHF', 'HHFFFFF', 'FFFHHHG']",102,0.0,0.0
1,"['SFHFHHF', 'FHHFHHF', 'FHHHHHH', 'FFHHFFH', 'FHFFHHF', 'FFFFFHH', 'FHFHFFG']",132,0.0,0.0
1,"['SFHFHFF', 'FFFHHFH', 'HFFFFFF', 'FHHHHFF', 'FFFHFHF', 'HFFFHFF', 'HHFFFFG']",211,0.0,0.0
1,"['SHFFHHH', 'FHFHFFF', 'FFFHFFH', 'HHFFHHF', 'HHHFFHH', 'HHHFFHF', 'HHHHFFG']",120,0.0,0.0
1,"['SFHFFHH', 'FFHHFHH', 'FHHFHHH', 'FFFFHFH', 'FHHFHFF', 'HFHFFFH', 'HFHFHFG']",277,0.0,0.0
1,"['SFFHHFF', 'FHFFHFH', 'FHHFFFF', 'HFHFHFF', 'HFFFHFF', 'HFHHFFF', 'FFHFFFG']",182,0.0,0.0
1,"['SHFHHHH', 'FHFHFHF', 'FHHHHFH', 'FHHHHHH', 'FFHHHHH', 'HFFFFFH', 'HHFHHFG']",205,0.0,0.0
1,"['SHHHFHH', 'FFHFHFF', 'HFFHFHH', 'FFFFFHH', 'HFHFFFH', 'HHFFFFF', 'FHFFHHG']",183,0.0,0.0
1,"['SFHFFFH', 'FFHFHFH', 'FHHHFFH', 'FFHFFHH', 'FFFFFFH', 'HHFHFFH', 'HHHHFFG']",228,0.0,0.0
1,"['SHHFHFH', 'FFFFFHH', 'HHFFFHH', 'HFHFHFH', 'HHFFFFF', 'HHHFHHF', 'HFHFHHG']",139,0.0,0.0
1,"['SFFFHHH', 'FHFFFHH', 'HFHHFFF', 'HHHFFFF', 'HHFFHFF', 'HHFHHFF', 'FFFFHHG']",143,0.0,0.0
1,"['SFHHHHH', 'HFHHHHF', 'FFFHFHF', 'HHFFFHH', 'HHHFFFH', 'FHFHHFF', 'HHHHFFG']",170,0.0,0.0
1,"['SFHHFFF', 'FFHHHHF', 'FFHHHHH', 'HFFFHFH', 'HHHFHFH', 'FHHFFFF', 'FHFFFFG']",129,0.0,0.0
1,"['SFFFHFF', 'FFHHHHH', 'FFFFFFF', 'FHFFHFF', 'HHHHHHF', 'FHFFHHF', 'HFHHFHG']",272,0.0,0.0
1,"['SFFHFFF', 'FFHHFFF', 'FHHFHFH', 'FFHHFHF', 'FFFFFFH', 'FFFHFFF', 'FFHFFHG']",138,0.0,0.0
1,"['SFFFHFF', 'HHHFHHF', 'FHFFFHH', 'FHFHFHH', 'FFFFHFH', 'FFFFFFF', 'HFHHFFG']",257,0.0,0.0
1,"['SFHFHFF', 'FHHFFHF', 'FFFFFFF', 'HHHHFFF', 'FFFHHFH', 'FFFFFFF', 'HFFFFHG']",267,0.0,0.0
1,"['SFFFHHH', 'FFHHHFF', 'FFHFHFH', 'FFHFHFF', 'HFFFFHH', 'FFFHFFF', 'FFFFHHG']",112,0.0,0.0
1,"['SFFFFHF', 'HHHFFHF', 'FHHFFFF', 'HFFHFHF', 'FFFHFFF', 'HHHHHHF', 'HFFFFFG']",215,0.0,0.0
1,"['SHHFHHH', 'FFFFHFF', 'HFFFFFF', 'HFFHFFF', 'FHFHHHF', 'FHHFFHF', 'HHFFHFG']",271,0.0,0.0
1,"['SFFHHHF', 'HFFFFHH', 'HFHHFFF', 'HFFHHHF', 'HHFHHHF', 'HHFHHHF', 'FHHHFFG']",129,0.0,0.0
1,"['SHHHHHF', 'FFHFHHH', 'HFFFFHH', 'HHHHFFF', 'HHHFHHF', 'FHHHFHF', 'HHHHFHG']",260,0.0,0.0
1,"['SFHFHFH', 'FHFHHFH', 'FFFFHHF', 'HFFHHHF', 'FFFHHFF', 'FHFFHFH', 'FHHFFFG']",202,0.0,0.0
1,"['SHFHHHH', 'FFFHHHF', 'HHFFFHH', 'HHFFFFH', 'FFHHFHH', 'HHFHFFF', 'HHHHHHG']",228,0.0,0.0
1,"['SHHHHFF', 'FHFFHFF', 'FFFFFFH', 'FFFFHHH', 'FHFFHFF', 'FFHFFFF', 'FFFFHFG']",177,0.0,0.0
1,"['SFFFFFF', 'HHHFHHF', 'HHHHFFF', 'HHHHHHF', 'FHFFHFF', 'HHHHHHF', 'HHHHHHG']",203,0.0,0.0
1,"['SFFFHFF', 'FHFFFFF', 'HHHFFFF', 'FFFHFHF', 'FHHFHFF', 'FHFFHFF', 'FFFFHFG']",164,0.0,0.0
1,"['SFFFFFF', 'HFFFFFF', 'FFFHFHH', 'HHHHFFF', 'HHFFFFF', 'HFHHFFF', 'FFFFFHG']",230,0.0,0.0
1,"['SHFHHHH', 'FFFHHHF', 'HHFHHFH', 'FHFFHHH', 'HHHFHFH', 'FFFFFFF', 'FHHHFHG']",188,0.0,0.0
1,"['SFHHHHH', 'FFFFFHH', 'HFHHFHF', 'HHHHFFF', 'HFHFHFH', 'FHHHHFH', 'HHFFHFG']",177,0.0,0.0
1,"['SFFFFHH', 'HFFFHHH', 'FFFFFHF', 'FHFFFFH', 'HFFHFHH', 'HFFFFFH', 'HHHFFFG']",195,0.0,0.0
1,"['SFFFHHF', 'FHFHHHH', 'HHFHHHF', 'HHFFFHF', 'HHFFFFF', 'FHHHHHF', 'FHFHFHG']",101,0.0,0.0
1,"['SFHHHHF', 'FFFFFHH', 'FHHFFFF', 'HHFHHFF', 'HHFHFFF', 'FHFFHFF', 'FHHHFFG']",236,0.0,0.0
1,"['SFFHHHF', 'FFFHHFF', 'HFFFHHH', 'HFFHFHH', 'HHFFFFF', 'HFHFHFF', 'FHHHHHG']",162,0.0,0.0
1,"['SFFFHHH', 'HFHFHHH', 'FHHFFHH', 'FFFHFFH', 'HHHHFHF', 'HHFHFFH', 'HHHHFFG']",241,0.0,0.0
1,"['SFHHHHH', 'HFHFFHH', 'HFFFFFF', 'FFHHFHF', 'FFFHFHF', 'HHHHFFF', 'FHHHFFG']",214,0.0,0.0
1,"['SHHFHFF', 'FHHHFHH', 'FFFFHHH', 'HFFFFFH', 'FFFFFFF', 'HFFHHHF', 'FHHFFHG']",190,0.0,0.0
1,"['SHFHHHH', 'FHHFHFF', 'FHHFHHH', 'FFFHFHH', 'HFHHHHH', 'HFFFFHF', 'HFHHFFG']",131,0.0,0.0
1,"['SHFFFFF', 'FFHFFFH', 'HFFHHHF', 'FHFFFHH', 'HHHHFFF', 'HHHFHHF', 'HFFFFHG']",270,0.0,0.0
1,"['SHHHHHH', 'FFHFHFF', 'FFHHHHH', 'HFFHHHH', 'HFFHHHF', 'HHFFFFH', 'HFHHHFG']",103,0.0,0.0
1,"['SFHFFFF', 'FFFFFFF', 'FFFFHFF', 'FFFFFFF', 'HHHHHFH', 'FFHFFFF', 'HFHHHHG']",278,0.0,0.0
1,"['SFHFHFH', 'FHHHHFH', 'FFHFHHH', 'FHHFHFF', 'FFFFFFF', 'FHFHHHF', 'HHHHHHG']",298,0.0,0.0
1,"['SFFFFFH', 'HHFFFFF', 'FFHFHFF', 'HFFHFFH', 'HFFFFFH', 'FHHHFFF', 'FFHFHFG']",121,0.0,0.0
1,"['SFFHFFH', 'FFFFFFF', 'FFFFHFH', 'HFHFHFF', 'FFFHHHF', 'HHHHHHF', 'FHHHFFG']",270,0.0,0.0
1,"['SHHHFHH', 'FFHFFHH', 'HFFHFHH', 'FHFFFFH', 'FHFHFFF', 'HFHHFHF', 'HHHFHHG']",206,0.0,0.0
1,"['SHFFHHH', 'FFFHFFF', 'HFFFHFH', 'FHFHFFF', 'FFFHFFH', 'HHFFFFF', 'FHFFHFG']",172,0.0,0.0
1,"['SFFFHHF', 'HHFFHHF', 'HFHFFHH', 'HFHFFFF', 'FHHHFFH', 'FFHFHFF', 'FHHHHHG']",291,0.0,0.0
1,"['SFHFHFF', 'FFFHHFH', 'FFFHHFH', 'FFFFFFF', 'FFHHHHF', 'HHFHFHF', 'HFFFFHG']",111,0.0,0.0
1,"['SFHHHHF', 'FFFFHFF', 'FFHFFFF', 'FHFFFFH', 'HFFFHHH', 'FFFFFHF', 'FHFFFFG']",170,0.0,0.0
1,"['SFFFHFF', 'HFHFFFH', 'FFFFHHH', 'HHFFFHF', 'FHHFFFF', 'FFFFHFH', 'FFFFHFG']",125,0.0,0.0
1,"['SFFHHHF', 'FFHFFHF', 'HFFHFFF', 'HFFFHHH', 'FFFFHHH', 'FHHFHFF', 'FFFFFFG']",215,0.0,0.0
1,"['SHHFFFF', 'FFHFHFH', 'HFFHFFF', 'HHFHFFF', 'HHFFFFF', 'HFFHHFH', 'FHFFFFG']",246,0.0,0.0
1,"['SFFFFFF', 'HFFHHHH', 'HHFFFFF', 'FHHHHHF', 'FHHHFFF', 'HHHFHFF', 'HHHFHFG']",169,0.0,0.0
1,"['SFFFFFH', 'HHHHHFH', 'HFHHHFF', 'HHHHHFH', 'HHHHFFH', 'FFHHHFH', 'HFHFHFG']",247,0.0,0.0
1,"['SHFHHFF', 'FHFHHHF', 'FFHHFHH', 'FFFHFFF', 'FFFFFHH', 'HFHHFFF', 'HHHFFFG']",101,0.0,0.0
1,"['SHHHHFH', 'FFFHHHH', 'HFFHFHH', 'FHFHHFH', 'HHFHHFH', 'HHFFFFF', 'FHHFHHG']",148,0.0,0.0
1,"['SFFFHFF', 'FFHHHHF', 'HFFHHHH', 'FFFFHHH', 'HHFFFFH', 'HHHHHFF', 'HHFHHHG']",198,0.0,0.0
1,"['SFFFHHF', 'HFHFFFH', 'FHFHFHF', 'HHHHFFH', 'FHHFHFF', 'HHFFHHF', 'HFHHHFG']",260,0.0,0.0
1,"['SFHHHHH', 'FHHHFHH', 'FHHHHHH', 'FFHFFHH', 'HFFFFHH', 'HHFHHHH', 'HFFFFFG']",294,0.0,0.0
1,"['SFFHFFF', 'FHFFFHH', 'HHFHFFF', 'HHHFFHF', 'HFHFHFF', 'FHHHFHF', 'HHHHFHG']",300,0.0,0.0
1,"['SFFFFFH', 'FHHHFFH', 'HFHFFHF', 'FFHHFFH', 'HFFFFFF', 'FFHFFFF', 'HHFFFHG']",244,0.0,0.0
1,"['SHHHHHH', 'FFHHFHF', 'FHFHFFF', 'FFFFFHH', 'HHFHFFF', 'HHFHHFH', 'FHHFHFG']",145,0.0,0.0
1,"['SFFFHFF', 'FHFFFFF', 'FFFHFHF', 'FHFFHFH', 'FHHFFFH', 'FHHFHFF', 'FFHHHHG']",119,0.0,0.0
1,"['SFFFFFF', 'HHFFFHF', 'FHHFHHF', 'FFHFHFH', 'FFHFFFH', 'FFHHFFF', 'FFHFHHG']",206,0.0,0.0
1,"['SFFFHFH', 'HHFFFFF', 'FHFHHFH', 'HHFFFFF', 'HFFFHHF', 'FHFHFFF', 'FFHFFHG']",167,0.0,0.0
1,"['SFFHFFH', 'FHHFFHF', 'FFFFFHF', 'FFFFFFF', 'HFFHHFF', 'FHFHFFH', 'FFFHFFG']",216,0.0,0.0
1,"['SHFFHHH', 'FFFFFHH', 'HFFFFFF', 'FHHFFHH', 'HFFHFFF', 'FHFFFFF', 'HHHHFFG']",264,0.0,0.0
1,"['SFHFHFF', 'FFHHFHF', 'FFHHFHF', 'HFHFFHH', 'HFFHFFF', 'HFFHHHF', 'FFFFFFG']",145,0.0,0.0
1,"['SFHFFHF', 'FHHHHFH', 'FHHFFHH', 'FFFHFHF', 'FFFHHFF', 'HFFHFHF', 'FFFFFFG']",218,0.0,0.0
1,"['SFFFHHH', 'HHHFFHF', 'HHFHFFF', 'HHFFFHF', 'HFHFFHH', 'FFHFFFF', 'HFFHFHG']",155,0.0,0.0
1,"['SFFFFFH', 'FFFFFHH', 'FFFFFHH', 'HFFHFFH', 'HFFFFFF', 'HFFHHHH', 'FFFFFFG']",236,0.0,0.0
1,"['SFHFHHH', 'HFFFHHH', 'FFHHHHH', 'FFHHHHF', 'HFFFHFH', 'HFHFFFF', 'HHHHFFG']",173,0.0,0.0
1,"['SHFFFFF', 'FFFHHFF', 'HHFHHFF', 'FFFHFFF', 'FFHHFFF', 'FFHFHHF', 'FHHHHFG']",292,0.0,0.0
1,"['SFFFFHH', 'HHHFHFF', 'HHFFFHH', 'HHHFFFF', 'HFHFHFH', 'FFHHHFF', 'FHHHFFG']",162,0.0,0.0
1,"['SFFHFHH', 'HHFFFHF', 'FHHFFHH', 'FHHFHHF', 'FFFFFFF', 'FFHFHHF', 'FHHFFFG']",194,0.0,0.0
1,"['SFFFFHF', 'FFHHFHH', 'HHHHFHH', 'FHHFFHH', 'HHFFFHH', 'HFHHFFH', 'HFHHHFG']",152,0.0,0.0
1,"['SFFFHFH', 'FFFHFFF', 'HFHFFHF', 'HFFHFFF', 'FHFFFFF', 'FHHHHFH', 'FHHHFFG']",168,0.0,0.0
1,"['SFFFFFH', 'HHFFHFH', 'FHHFFFF', 'FFFFHFH', 'FHFFFHH', 'FHFHFFF', 'FHHHHHG']",116,0.0,0.0
1,"['SHFFHFH', 'FFHHFFF', 'FFFFFFH', 'HFHFFHH', 'FFHFFFF', 'HFFFHFF', 'HHHHHHG']",107,0.0,0.0
1,"['SFFHHFH', 'FFFFFFH', 'HFFHHHH', 'HFFFFFF', 'HHHHHFF', 'HFHHHFF', 'HHHFFHG']",187,0.0,0.0
1,"['SHHHFFH', 'FFHHHFH', 'HFFHHHH', 'FHFHHHH', 'FHFFHFH', 'HFFFFFF', 'HFFHHFG']",138,0.0,0.0
1,"['SFFHFHH', 'HHFHFFH', 'HHFHHFH', 'HHFFFFH', 'HHHHHFH', 'HHHHHFF', 'HHHFHFG']",292,0.0,0.0
1,"['SFFFFHF', 'HHFFFFF', 'FHFHFFF', 'HFFHHFF', 'HFFFFHF', 'HFFFFHF', 'FHFHHHG']",165,0.0,0.0
1,"['SFFHFFH', 'FFHHHHH', 'HFHFFFF', 'HFFFHFH', 'HHFHFFF', 'HFHFHHF', 'HHHFHHG']",248,0.0,0.0
1,"['SFFHHFH', 'HFFFFFH', 'HHFFHHF', 'FFFFFHH', 'FFHFFFF', 'FFFFHFF', 'FFFFFHG']",284,0.0,0.0
1,"['SFFFFFF', 'FFFHFHH', 'HFFFFFF', 'HFFFHHF', 'FFFHHFF', 'FFHFHFF', 'HFFFFFG']",260,0.0,0.0
1,"['SFFFHHH', 'FHFFFFH', 'FHHFFFF', 'FFHHFFF', 'FHFFFFF', 'HHFFHFH', 'FFFHFFG']",196,0.0,0.0
1,"['SFHHFFF', 'FFFFFHF', 'HHHHFFF', 'HFFHFFH', 'FFFHFHH', 'FHFHFFH', 'FFFFFFG']",253,0.0,0.0
1,"['SFHHFFH', 'HFHHHHH', 'HFFHHFH', 'HFFHFHF', 'HFHFFHH', 'FFHHHFH', 'HFFFFFG']",194,0.0,0.0
1,"['SFHHHHH', 'HFHFHHH', 'HFFHHHH', 'FFFFFFF', 'FHHHHFH', 'HHFHHFF', 'HFFFHHG']",161,0.0,0.0
1,"['SHHHHFH', 'FFFHHFF', 'HFFHFHF', 'FFHFHHF', 'HFFHHFF', 'HFHFFHH', 'FFFFFFG']",152,0.0,0.0
1,"['SFHHHHF', 'FFFHHHH', 'HFFFHHH', 'HHFFHHH', 'HHHFHHH', 'HHHFFHH', 'FHFFFFG']",264,0.0,0.0
1,"['SFFHHHH', 'FHHFHFF', 'FFHHFHH', 'FFFFFHH', 'HFHHFHF', 'HFFFFFF', 'HHHFHFG']",116,0.0,0.0
1,"['SFFHHFH', 'HHFHHHH', 'FHFFHHH', 'HHFFHHH', 'HHHFHFF', 'HHHFFFH', 'HHFHHFG']",110,0.0,0.0
1,"['SFHHHHH', 'FFHFFFH', 'HFFFHFF', 'HHFHFFH', 'FFFFHFF', 'HFHHHFF', 'HFFFHHG']",243,0.0,0.0
1,"['SFFFHHF', 'FHFHHHH', 'FHHHHHF', 'FHFFHFF', 'FFFFFFH', 'HHHHHFF', 'HFHHHFG']",271,0.0,0.0
1,"['SFHHHFH', 'FFFFFFF', 'HHFHHHF', 'HHFFFFH', 'HFHFHHH', 'HHFFFFH', 'HFHHHFG']",211,0.0,0.0
1,"['SFFFHHH', 'HFHFHFF', 'HFHHFHH', 'FFFFHHF', 'FHHFHHH', 'HFFFFHF', 'HFFFFFG']",238,0.0,0.0
1,"['SFFHFHH', 'FFFFFHF', 'FFFFFFH', 'FFFFFFF', 'HFFFFHF', 'FHFFHFF', 'HFFFFFG']",265,0.0,0.0
1,"['SFFFFFH', 'FFHFHFF', 'HHFHHFF', 'HFHHHFF', 'HFHHFHF', 'FFHFFFF', 'HHHHHHG']",230,0.0,0.0
1,"['SFHFHHF', 'FFFHHFF', 'HFFFFHH', 'FHFFFHF', 'HHFHFFF', 'FHHFFHF', 'HFFHHHG']",219,0.0,0.0
1,"['SFFHFHF', 'FFFHHHF', 'FFFFFHF', 'FFFHFFF', 'FHFHFFH', 'FHHFFFF', 'FFFFFHG']",108,0.0,0.0
1,"['SFFFFFF', 'FFHFHHH', 'HFFFHHF', 'HFFHHFF', 'FFFFFHF', 'HHHFFFH', 'FHFFHFG']",298,0.0,0.0
1,"['SFFFFFF', 'FHFFHFF', 'FHFFFFH', 'FFHFFFF', 'FHFFFFF', 'FHFFFFF', 'HFHFFFG']",198,1.0,0.9110661429076764
1,"['SFFFFFH', 'FFHFFFH', 'FFFHFFF', 'FHFHFFF', 'FHFFFFH', 'FFFFFFF', 'FHFHFFG']",284,1.0,0.7863441585589971
1,"['SFHHHHH', 'FFFFHFH', 'FHHFHHF', 'HHHFFHH', 'HHFFFFF', 'HHHHHHF', 'FHFHHFG']",231,0.0,0.0
1,"['SFHHFHF', 'HFFHHFH', 'HHFHHHH', 'FHFFHHH', 'HHFFFHH', 'HHHFHFH', 'HHHFFFG']",219,0.0,0.0
1,"['SFFFFFF', 'HHFFFFH', 'FFFFFFF', 'FFFFHFH', 'FHFFFFF', 'FFFFFHF', 'FFFFFHG']",243,0.0,0.0
1,"['SFHHFFH', 'HFFHHHH', 'HHFHHHH', 'HFFFFHH', 'HHHHFHF', 'FFFFFFH', 'FFHHHFG']",230,0.0,0.0
1,"['SFHFFFF', 'FHHHHFH', 'FFFHHHH', 'FFFHFFF', 'HFFFFFH', 'HFFFFFF', 'FFHFFHG']",239,0.0,0.0
1,"['SHHHFHH', 'FFFFHFF', 'HFFFFFF', 'FHHHFHF', 'HFHHHFF', 'FHHHFHF', 'HFHHHHG']",291,0.0,0.0
1,"['SFFFFFH', 'HFFHFFF', 'FHHHFHH', 'HHHFFFF', 'FHHHFHH', 'FHHFFFF', 'FHFHFHG']",115,0.0,0.0
1,"['SHFHHFH', 'FFHFFHF', 'HFFHFFF', 'FFFFHHF', 'FFFFFHF', 'FFHHFFF', 'FFFFFHG']",185,0.0,0.0
1,"['SFHHHHF', 'FHFFHHH', 'FHHFHHH', 'FFFFFHH', 'FHFHFFH', 'HFFHFFH', 'HHHHHFG']",260,0.0,0.0
1,"['SHHHHFH', 'FHHFFFF', 'FFFHHHH', 'FHFHFHF', 'FFFHHHF', 'FHFFFHH', 'HHHFFFG']",119,0.0,0.0
1,"['SHHFHHH', 'FFHFFHH', 'HFFFHHF', 'HHFFFFF', 'FHHFFFF', 'FFFFFFH', 'HHFHHFG']",281,0.0,0.0
1,"['SFFFFFH', 'FFHFHFH', 'HHFHFFF', 'FFHHHHF', 'HFHHFHF', 'FHFHHFF', 'HFHFFHG']",247,0.0,0.0
1,"['SHFHHHF', 'FFFFFHF', 'HHFFHFH', 'HHFHFFF', 'HHFFFHF', 'FFFFFHF', 'FFHHHFG']",171,0.0,0.0
1,"['SFHFHHH', 'FFFHFFH', 'HHFHHHF', 'FFFFFHH', 'FHHFFFF', 'FFHHFFF', 'FFFFHHG']",154,0.0,0.0
1,"['SHHFFFF', 'FFFFFHF', 'HHHHHFF', 'HHHFHHF', 'HHHHHHF', 'HFFFFHF', 'HHHHHHG']",157,0.0,0.0
1,"['SHHHFHF', 'FFFFFHH', 'HHHFFFH', 'HHHFHFH', 'HHHHHFH', 'FFHHHFF', 'HHHHFFG']",280,0.0,0.0
1,"['SFHFHHH', 'FFFFFHH', 'FFHFFHF', 'FFHHFHF', 'FFFFHFF', 'FFFFFFF', 'HHFHFFG']",266,0.0,0.0
1,"['SFFHHFF', 'FHFFFHH', 'HFHHFFH', 'HHFHFFH', 'FHHFFFF', 'FFHHFHF', 'FFFHHHG']",279,0.0,0.0
1,"['SHHFHHH', 'FFFHFHH', 'FHHFFFH', 'FFFFFFH', 'HFFFHHF', 'HHFHHHH', 'FHFFFFG']",265,0.0,0.0
1,"['SFHHHHF', 'FFFFFFH', 'FFHFFFF', 'FFHFFFH', 'FFHHFFF', 'FFFFFFH', 'FFHFHFG']",134,0.0,0.0
1,"['SHFFFFF', 'FFFHHFF', 'HHFHFFF', 'HFHHHHF', 'HFHHHFF', 'HHHHHFH', 'HFFHHFG']",263,0.0,0.0
1,"['SHHFFHH', 'FFFFHFH', 'HFHFFHF', 'FHHFHHF', 'FFFFHFF', 'FFHHHFF', 'HFFFFFG']",112,0.0,0.0
1,"['SFHHFHH', 'FFHFFHH', 'FFHHHHH', 'FFFHHFH', 'FFFHFFH', 'FHFFFFF', 'HFHFFHG']",205,0.0,0.0
1,"['SHFHHHH', 'FFHFHFF', 'HFFFFFH', 'HFHHHFF', 'HHFFHFF', 'HHFHHFF', 'FFFHHFG']",141,0.0,0.0
1,"['SFFHHFF', 'HFHFHFF', 'HFFFFHF', 'FFHHFHF', 'HFHFFFH', 'HFHHFHH', 'HHHHFFG']",211,0.0,0.0
1,"['SFFHHFH', 'FHFFFFH', 'FFHHFHH', 'HFFHFHF', 'FFFFHFF', 'HFFFFHH', 'HFFFFFG']",136,0.0,0.0
1,"['SHHFFFF', 'FFFHHFH', 'FFFHHHF', 'FFFFHFF', 'HFHFHHF', 'HHFFFFH', 'FFHFHFG']",188,0.0,0.0
1,"['SFHHHHH', 'HFFFFFH', 'FHHFFFF', 'HHFHHHF', 'HHHFHFF', 'FFFHHHF', 'FFHHHFG']",275,0.0,0.0
1,"['SHHFFHF', 'FFHFHFH', 'HFHHHFH', 'FFFFHHF', 'FHHFFFF', 'FFHFFHF', 'FFFFFHG']",226,0.0,0.0
1,"['SFFHFHF', 'FFFHHFH', 'FHFFFHH', 'FHHHFHF', 'FFFHFFF', 'FHFFHFH', 'FHFFHFG']",199,0.0,0.0
1,"['SFHHHHH', 'HFFFFHH', 'FFHHFHH', 'HHFHFHF', 'FHFHFHF', 'HHHFFFF', 'HHFFHHG']",174,0.0,0.0
1,"['SFFHFFH', 'FHFFFFH', 'FFFFHHF', 'FFFFFHF', 'FFHHFFF', 'HFFHHHF', 'HFHHHFG']",136,0.0,0.0
1,"['SFHHFHH', 'FHHFHHF', 'FHHFFFH', 'FFFFFHH', 'HHHHFHF', 'HHHHFFH', 'HHFHHFG']",255,0.0,0.0
1,"['SHFHHHH', 'FFHFHFH', 'FHHHFFH', 'FFHHHHH', 'HFFFFHH', 'HHHFFHF', 'HHHHFFG']",120,0.0,0.0
1,"['SFFFFHF', 'HFHHFFF', 'HHFHHHF', 'FFHHFFF', 'HFHFFHF', 'HFHHFHH', 'FHFFFFG']",286,0.0,0.0
1,"['SFHHFHH', 'HFFFFFF', 'FHFFFFH', 'FFFHFHH', 'FFHHHFH', 'FFFFHHH', 'HFHFFFG']",166,0.0,0.0
1,"['SHFHHHH', 'FFFFHFF', 'FHHFHHF', 'FFFFFFH', 'HFHHFHH', 'HHFHFHH', 'HFFHFFG']",224,0.0,0.0
1,"['SFFHFHF', 'FFFHFHH', 'FFHFHHH', 'FFFFFHH', 'FHHHFFF', 'FHFFHHF', 'HHHHHFG']",127,0.0,0.0
1,"['SHHHHHH', 'FHHHHFH', 'FFHHHHH', 'FHHHHHH', 'FFFFFFH', 'HHHHHFH', 'HFFHHFG']",256,0.0,0.0
1,"['SFFFFHH', 'FHHFHFH', 'FFFHFHH', 'HHFFFHH', 'FFFFHHH', 'FFFFFFF', 'FHHFHFG']",294,0.0,0.0
1,"['SHFHFHF', 'FHHFFHH', 'FFHFFFH', 'HFHHFHH', 'HFFFFFF', 'FHFFFHF', 'FFHFHFG']",232,0.0,0.0
1,"['SFHHHHH', 'FHFFFFH', 'FFFHHFF', 'HFHHHHF', 'HFHFHFF', 'FHHFHHF', 'HHHHHHG']",265,0.0,0.0
1,"['SFFFFFF', 'FFHFFHH', 'FFHFFFH', 'FFFFFFH', 'HFHFHHF', 'HFFHHHH', 'FFFFFFG']",193,0.0,0.0
1,"['SHFFHHF', 'FFFFHFH', 'FHFHFFF', 'FFFFFHF', 'HFHHFHF', 'FHHHHHF', 'HFHHHFG']",244,0.0,0.0
1,"['SFFHHFH', 'HHFHFHH', 'HFFHHFH', 'HFHFHHH', 'HFHHHHH', 'HFFHFHH', 'FFFFFFG']",269,0.0,0.0
1,"['SFFHFFF', 'HFHFFFF', 'HFFFHFF', 'FHFHFHF', 'FHHFHHF', 'FHHHFFF', 'FHHFFFG']",133,0.0,0.0
1,"['SHFHFFF', 'FHFFHFF', 'FHHFFHF', 'FFFFFFF', 'HFHFHHF', 'FHFHFFF', 'HFHHFHG']",104,0.0,0.0
1,"['SHFHFHF', 'FFFHHHH', 'FFHFHHH', 'HFHFHFH', 'HFHFHHF', 'HFFFFHH', 'HFFHFFG']",130,0.0,0.0
1,"['SFFFHHF', 'HHFFFHF', 'FHFHFHH', 'FHFFFHF', 'HHFHFFF', 'HFFHHHF', 'HFFHFHG']",203,0.0,0.0
1,"['SHHFFFF', 'FFHFFHH', 'FFFHFHH', 'HFFFHHF', 'HFHHFFF', 'HFFFFFH', 'HHHHFFG']",101,0.0,0.0
1,"['SFFHHHH', 'HHFHHHH', 'HFFHHFH', 'HHFHHHH', 'FFFFHFH', 'FHHFFFF', 'HHFHHHG']",171,0.0,0.0
1,"['SFFFFHF', 'HFHFHHH', 'HFFHHHF', 'FFHFFHF', 'FFFFHHF', 'HFHHHHF', 'HFFFFFG']",113,0.0,0.0
1,"['SFHHFHH', 'HFHFHHH', 'HFFFFHF', 'FFFFHFF', 'FHHFFHH', 'HHHHFHF', 'HFHFFFG']",154,0.0,0.0
1,"['SFFFFFH', 'HHHFHHH', 'FFFFFFH', 'FHHHFHF', 'FHFFFFH', 'HHFFHFF', 'HHFHHHG']",156,0.0,0.0
1,"['SFHHHFH', 'FFHFHFH', 'FFFFHFF', 'FFFFFFF', 'FFFHHFF', 'FHHHFFF', 'HFHHFHG']",192,0.0,0.0
1,"['SFHHHHH', 'FHHHFHF', 'FHFHFHH', 'FHHHFHH', 'FFFFFFH', 'FHHHFHH', 'HFHHFFG']",232,0.0,0.0
1,"['SFFHFHF', 'HHFFFHH', 'HFHHFFF', 'HFHHHFF', 'HFHFFFF', 'FHFHHFF', 'FHHFHHG']",253,0.0,0.0
1,"['SHHFHFF', 'FHHFHHH', 'FHFFHHH', 'FFFFFHF', 'FHHHHFH', 'FFFFFFF', 'HHFFHFG']",235,0.0,0.0
1,"['SFFFFHH', 'HHFFFHF', 'HFFHFHH', 'FHHFFHH', 'FHFHFFH', 'HHHFHFF', 'FHFFFHG']",129,0.0,0.0
1,"['SHFFHHH', 'FFFHFFH', 'FHFHFHF', 'HHFFFHF', 'HHHFFFF', 'HHHFHFF', 'FHHFHHG']",170,0.0,0.0
1,"['SHFFFFF', 'FFFHFFF', 'FFHFFHH', 'FFFFFHH', 'FFFFFFF', 'FFHFHHF', 'FFHFFHG']",299,0.0,0.0
1,"['SHFFFFH', 'FFFHFFH', 'HHFFHFF', 'HHFFFHF', 'FHFHHHH', 'FFFFHFH', 'FFHFFFG']",240,0.0,0.0
1,"['SHHHHHH', 'FFHFHHF', 'FFHFFFH', 'HFFFHFH', 'HHHFFFF', 'HFFFHHF', 'FHHHHFG']",252,0.0,0.0
1,"['SFFFHHH', 'HFHHHHF', 'HFHFFFH', 'FFFHFHH', 'FFHHHFH', 'HFFFFHH', 'FHHHFFG']",277,0.0,0.0
1,"['SFHFHHH', 'HFFHHHF', 'FHFHHFH', 'HHFHHHF', 'HHFFFFF', 'HHHHFHH', 'HHHFFFG']",260,0.0,0.0
1,"['SFHHFHF', 'FHFFHFF', 'FFHFFHH', 'FFHHHHH', 'HFFFHFH', 'HFFHHHH', 'HFFFFFG']",222,0.0,0.0
1,"['SFFFFFH', 'FFHFHHH', 'FFHFHFH', 'FFFFHFF', 'HFHFFHF', 'FFHFFFF', 'FHFHHFG']",146,0.0,0.0
1,"['SFHFFFH', 'FFFFFFH', 'FFFHFFH', 'FFHHFFF', 'HHFFFHF', 'FFFFFHF', 'HFFFFFG']",176,0.0,0.0
1,"['SFFFFFH', 'FHHFFFF', 'HHFFFHF', 'HFHFFHF', 'HFHHFHF', 'HHHHFFF', 'HFFHHFG']",110,0.0,0.0
1,"['SFFHFFH', 'HFFFFFH', 'HFHHFHH', 'HHHHFFF', 'HFHHHFF', 'HFHHFFH', 'HFHFHFG']",281,0.0,0.0
1,"['SFHFHFH', 'FFHFFHF', 'FHHFFFH', 'FFHHFHF', 'FHFFFFF', 'FFFFFHF', 'FFFFFFG']",124,0.0,0.0
1,"['SFFFFHF', 'HFHFFFH', 'FFFFFHF', 'FHHFHHF', 'HHHFFFF', 'FFFFFFF', 'FFHHHHG']",143,0.0,0.0
1,"['SFHFHHH', 'HFFHHHH', 'FHFFFFH', 'HHHFFFH', 'HFHHHFH', 'FHHHHFH', 'HFHHHFG']",140,0.0,0.0
1,"['SFHHHHF', 'FFFFHFH', 'HHFFFFH', 'HFFFFHF', 'HHFHFFH', 'HFFHFFH', 'HHFFFFG']",263,0.0,0.0
1,"['SFHHHHF', 'HFHFFFF', 'FFHHHHF', 'FHFHFFF', 'FFFFFHH', 'FHHFFFF', 'FFHFFHG']",190,0.0,0.0
1,"['SFHFHFH', 'FHHHHHH', 'FFFFFFH', 'HFHFHFF', 'HFHHHHF', 'FHHHHFF', 'HHHHFHG']",264,0.0,0.0
1,"['SFFHFHH', 'FFFFHFF', 'HHHFFFF', 'FFHHFFF', 'HFFHFHH', 'HHFHFHF', 'FHFFFFG']",290,0.0,0.0
1,"['SFFFFHH', 'HFHHFHH', 'HFFFFFF', 'HFFFHFF', 'FFFFHHF', 'HFHFFFF', 'FFFFHFG']",290,0.0,0.0
1,"['SFFFFFH', 'FFFHFHF', 'HFFHHHF', 'FHFHFFF', 'FFFFFHF', 'FFFFHFF', 'FFFFFFG']",279,0.0,0.0
1,"['SFFHHHF', 'FHFFHFH', 'HHFFFHF', 'FFHHFFH', 'HHHFFFF', 'HHHFHFF', 'HFFFHHG']",121,0.0,0.0
1,"['SFFHHFH', 'FFFHHHF', 'HFFFFFF', 'FHHFHFF', 'HFHHFFF', 'FHFFHFF', 'FHHHFHG']",104,0.0,0.0
1,"['SHFFHHF', 'FHHHHHF', 'FFHHFHH', 'FFHHHHH', 'FFFHHHF', 'FFFFFHF', 'HHFHFFG']",232,0.0,0.0
1,"['SFHHHHF', 'HFFFFHH', 'FHHFFHH', 'HHHFHHH', 'FFFFHHH', 'HHHFFHH', 'FFHHFFG']",264,0.0,0.0
1,"['SHHFFHF', 'FFFFFFH', 'FHFHHHH', 'FFFHFFH', 'HHFHFFH', 'HFFFHHH', 'HHHFFFG']",102,0.0,0.0
1,"['SHHHHHH', 'FFHFHHF', 'FFHHHHF', 'HFFHHFF', 'HHFFFHH', 'HFHFFHF', 'FHFHFFG']",278,0.0,0.0
1,"['SFHFHFF', 'FFFFFFF', 'FHFFHHF', 'FHFFFFH', 'FFHFHFF', 'FFHFFFF', 'FHFFFFG']",169,0.0,0.0
1,"['SFHFHFH', 'FFFFFFF', 'HFFHHHF', 'FFFFFHF', 'FHFFHHF', 'HFHFFHH', 'HHFFFFG']",174,0.0,0.0
1,"['SFFHHHF', 'HHFFFFF', 'FFFHHHF', 'FHFFHFF', 'HFHHFFH', 'HFHHFFF', 'FHFHFFG']",108,0.0,0.0
1,"['SHHFFHF', 'FFFFFFH', 'HFHFFFH', 'HHFHHFF', 'HHHFHFH', 'FFHFFFF', 'FHFHHFG']",281,0.0,0.0
1,"['SFFFFFH', 'FHHHHFH', 'FHHFHFH', 'FHFHHFH', 'FHHFHFF', 'FFFFHHH', 'HHFFFFG']",223,0.0,0.0
1,"['SFHHFFH', 'HFFFHFF', 'HHFFFFF', 'HHFHFFF', 'FFHFFFF', 'FFFHFFH', 'FFFHHFG']",282,0.0,0.0
1,"['SFFFFFH', 'FHFFHHH', 'HHFFFHF', 'FHFFHFH', 'FFFFFFF', 'HHFHFFH', 'HFHHHFG']",206,0.0,0.0
1,"['SHFFHFH', 'FHHHHHH', 'FHHHHFH', 'FFFFFFF', 'HHHHHFH', 'HHHHHFF', 'HFFHHHG']",297,0.0,0.0
1,"['SFHFHFH', 'FFHFHHH', 'FHHHHHH', 'FHFHHHH', 'FFFFFFH', 'HHFHHFH', 'HFFHFFG']",207,0.0,0.0
1,"['SHHHHFF', 'FHFFFHF', 'FHHHFHH', 'FHHHHFF', 'FHFFHHH', 'FFHFFHH', 'HFFFFFG']",185,0.0,0.0
1,"['SHFFFHF', 'FFFFFFH', 'FFFFHFH', 'FFFHFHF', 'FHFFFFH', 'FFFFFFF', 'HHFFHHG']",100,0.0,0.0
1,"['SFFHHHH', 'FHHHHHH', 'FHHFFFF', 'FFFHHHH', 'FHHHHHH', 'FFHFHFH', 'HFFFFFG']",104,0.0,0.0
1,"['SHHHHFF', 'FHFFFFF', 'FFFFFFF', 'FFFHFFF', 'FFFHHFF', 'HHFFHFF', 'HHHHFFG']",164,0.0,0.0
1,"['SFFHHFF', 'FFFFFFH', 'HFFFFFH', 'FFFFFFH', 'FFFFFFF', 'FHFHHFF', 'HHFFFHG']",274,1.0,0.8735386475474635
1,"['SFFFFFH', 'FFFFFFF', 'FFFHFFH', 'FHHHHFF', 'FFHFHHF', 'HHFHFFF', 'FHHFFHG']",120,0.0,0.0
1,"['SFFHHFF', 'FFFHFFF', 'HHFFFHF', 'FFFHHHF', 'HFHHFHF', 'HHFFFHF', 'HFFFFFG']",274,0.0,0.0
1,"['SHHFFHF', 'FHFFHFH', 'FFFFFHF', 'HHHFFFF', 'HHFHHFH', 'FHHHHFH', 'HHFHFFG']",274,0.0,0.0
1,"['SFFFFFH', 'HFHFHHH', 'HHFFHFH', 'FFFHHHH', 'HHFFFHF', 'HFHHFHH', 'HHFFFFG']",213,0.0,0.0
1,"['SHFHFFH', 'FFHFHFF', 'FFFFHFF', 'FFFHFHH', 'FHFFFHF', 'HFFFFFF', 'HFFFFFG']",139,0.0,0.0
1,"['SHFFHHH', 'FHHFHHH', 'FFFFHFH', 'HHHFHHF', 'FHHFFFH', 'HFHHFHF', 'HHHHFFG']",249,0.0,0.0
1,"['SFHHHHH', 'FFHHHHH', 'FFHHHHH', 'FFFHHHH', 'HHFHHHF', 'HHFHFHH', 'FHFFFFG']",214,0.0,0.0
1,"['SFFHFHF', 'FHFFHFH', 'HHFFFFH', 'FHFFFHH', 'HFFFFFF', 'FHFFHFF', 'HFHHHFG']",286,0.0,0.0
1,"['SFFFFFH', 'HHHHFFF', 'HFHHHFH', 'HHHHFFH', 'HFHFHFF', 'HHFHHFF', 'HHFHHHG']",174,0.0,0.0
1,"['SHHHHFH', 'FHFFHHF', 'FFHHHHF', 'HFFFFFF', 'HHFHHFH', 'HHHHHFF', 'FFHHHHG']",241,0.0,0.0
1,"['SHHHFFH', 'FHHHHHF', 'FFFFHHH', 'HHHFFHH', 'FFHHFFF', 'HHHHHHF', 'HFFHFHG']",156,0.0,0.0
1,"['SFHFHFH', 'FFFFFFH', 'FHFFHFF', 'FHFFHHF', 'HHHHHHF', 'HHFHHFF', 'HHHFHHG']",200,0.0,0.0
1,"['SFFHHFH', 'FFHFFHF', 'HFFFFHF', 'FFHFFHH', 'FFFFHFF', 'FHFFFFF', 'FFFFHHG']",261,0.0,0.0
1,"['SFFHFHF', 'FHHFHFF', 'FHFHFFF', 'FFFHHHF', 'FFFFFFF', 'FFFFHFH', 'HFFFHFG']",145,0.0,0.0
1,"['SFFHFHH', 'HHFHHFH', 'HFFHFHF', 'HFHFHHH', 'FFHFFHH', 'HFFFFHH', 'HHHHFFG']",153,0.0,0.0
1,"['SFHHHHF', 'HFFFHHH', 'HHHFFHH', 'HHHHFHF', 'HHHHFFH', 'HHFHHFF', 'HFHHHHG']",284,0.0,0.0
1,"['SFHFFFH', 'FHFFFHH', 'FFFFFHH', 'FFHHFFH', 'HHHHHFF', 'HHHFHFF', 'HHHHHHG']",170,0.0,0.0
1,"['SFHHHHH', 'FFHHHHH', 'HFFFFFH', 'HHHHHFH', 'HHFHHFH', 'HHHHFFH', 'HHHFHFG']",157,0.0,0.0
1,"['SHHHHHF', 'FHHHHHH', 'FHFFHHH', 'FFFHHHH', 'HHFFFFF', 'HHHHFHH', 'HHHHFFG']",150,0.0,0.0
1,"['SHHFHHH', 'FFFFHHH', 'FHHFFFH', 'HFFHHFF', 'FFFFFHF', 'FFFFFHF', 'HHHFHHG']",162,0.0,0.0
1,"['SFFHHFH', 'FFHHHHF', 'FHHFHHH', 'FHFFFHH', 'FFFFFFF', 'HFHFFFH', 'HFHHFFG']",136,0.0,0.0
1,"['SHFFFFF', 'FHHHHFF', 'FFFHFFF', 'HFFFFFF', 'HHFFFHH', 'HFFFFHF', 'FHFFFFG']",234,0.0,0.0
1,"['SFHHHHF', 'HFFHHHH', 'FHFFFHH', 'HHHHFFH', 'FHHHFFF', 'HHHFFHF', 'HHHHHHG']",185,0.0,0.0
1,"['SHHHFFH', 'FFFFHFH', 'FHHFHHH', 'HFHFFHF', 'FFFFFFF', 'HFHHHFF', 'FFHFHHG']",131,0.0,0.0
1,"['SHHHHHF', 'FHHHHFF', 'FHHHHHH', 'FFFFHHH', 'HHFFHHH', 'FHFFHHH', 'HHFFFFG']",176,0.0,0.0
1,"['SHHHHHH', 'FFFFFFF', 'HHHHHHF', 'FFFHFFF', 'HFHHHFF', 'FFFHFFH', 'HHFFHFG']",205,0.0,0.0
1,"['SHFFFFF', 'FHFFFFF', 'FFFFHFF', 'HFHHFFF', 'FHFFHFF', 'FHFHHFF', 'FHFFHFG']",167,0.0,0.0
1,"['SFHFHHF', 'HFFFHHH', 'FFHFHHF', 'HHFFFFF', 'FHHFHFH', 'HFHHHFF', 'HHHFHFG']",271,0.0,0.0
1,"['SFFFFHF', 'FFFFFHF', 'FFFHFHH', 'FHHFFFF', 'FFHFFFF', 'HFHFHHF', 'FFFHHHG']",102,0.0,0.0
1,"['SFFFHHH', 'HFHHHFH', 'HFHFFHH', 'FFHHFFH', 'HFFHHHF', 'HFFFFFF', 'HFHFFHG']",192,0.0,0.0
1,"['SFHHHHF', 'FFHFHHH', 'HFFFHHH', 'HFFFHHH', 'HHHFHHH', 'HHHFFFH', 'HHHHHFG']",278,0.0,0.0
1,"['SFFHHFH', 'HFHHHHH', 'HFFFFFH', 'FFHHHFF', 'HHFFFFF', 'FHFHFFH', 'HHFHHFG']",286,0.0,0.0
1,"['SFHFHHH', 'HFFFHHF', 'HHFFHHH', 'HHFFHHF', 'HHFFFFH', 'HHHFHFH', 'HFFHHFG']",130,0.0,0.0
1,"['SHHHHHF', 'FHHHHHH', 'FHHHFHF', 'FFHHHHF', 'FFFHHHH', 'HHFHFFF', 'FHFFFHG']",227,0.0,0.0
1,"['SFHHFFH', 'HFFHHHH', 'FHFHFHH', 'HHFHHHF', 'HHFFHHH', 'HHHFFFH', 'FHHHFFG']",217,0.0,0.0
1,"['SFFHFHF', 'FFFFHHF', 'FFHFFHF', 'FHHFHFF', 'FHFHFFH', 'FFHFHHF', 'HFFFFFG']",245,0.0,0.0
1,"['SFFHHFH', 'HFHFHHH', 'HFHFHHH', 'FFFFHHH', 'HHHFFFF', 'HFFHHFH', 'HHHHFFG']",153,0.0,0.0
1,"['SHHHHHF', 'FFFHFFH', 'HHFFHHH', 'HFFFHHF', 'HHHFFFH', 'HHFFHHH', 'FFHFFFG']",240,0.0,0.0
1,"['SFHHHFF', 'HFFHHHH', 'HFHHFHF', 'HFFHFHH', 'HFFHHHF', 'HHFFFFF', 'HHFHHHG']",255,0.0,0.0
1,"['SFFFFFF', 'FHFFHFH', 'FHFFFFF', 'HFHFFHH', 'HFHFFFF', 'HFFFFHF', 'FHFHFFG']",256,0.0,0.0
1,"['SHHHHHH', 'FFFHHFH', 'HFFHFHF', 'FFFFFFH', 'HFFHHHF', 'HHFFHFF', 'HFHFFFG']",123,0.0,0.0
1,"['SFHHHHH', 'FHHHHFF', 'FFFFFHF', 'FFFHFHH', 'FHHHFFF', 'FFFHFFH', 'HFFFHFG']",261,0.0,0.0
1,"['SFFHHHH', 'FFFHFFF', 'HHFFFFF', 'FFHHFFF', 'HFHHFHF', 'FHHHHHF', 'HHHHHHG']",235,0.0,0.0
1,"['SFHFFFH', 'HFHFFHH', 'FFFHHFF', 'FFHFHFF', 'HFFHHHF', 'HFFFFFH', 'HFFFFFG']",107,0.0,0.0
1,"['SFFFHFH', 'FHFFFFF', 'HFHHHFH', 'HHFFFFF', 'FHFFFFH', 'FHFHFFF', 'FHFHHFG']",175,0.0,0.0
1,"['SFFHFFF', 'HFFHHHH', 'HHFHFFF', 'HHFFHHH', 'FHFFHFF', 'FHHFFFH', 'FFFHHFG']",161,0.0,0.0
1,"['SFFFFHH', 'FFFFFFH', 'HFFFFFF', 'HHHHFHH', 'HHHFFFF', 'FHHHFHF', 'HHHFFFG']",131,0.0,0.0
1,"['SFFHHFF', 'FHHHFFH', 'FFFFFFF', 'FHFHHHF', 'HHFHHHF', 'FFFHHHF', 'HFHFHHG']",171,0.0,0.0
1,"['SFFFFHH', 'FFHHFFH', 'HHHHFFH', 'HHHFHFF', 'FHHFHHF', 'FFHFHHF', 'FFHFHHG']",124,0.0,0.0
1,"['SFFFFFF', 'FHFFFFF', 'FHFFFFH', 'FFFFHFF', 'FFFHFFF', 'HHFFHHF', 'HHFHHHG']",180,0.0,0.0
1,"['SFFFHFF', 'HHFFFFF', 'FFFHFHF', 'FHFFFHF', 'FHFFFFH', 'HFFHFFF', 'FFHFFHG']",276,0.0,0.0
1,"['SFFFHFF', 'HFFFFFH', 'FFHFFHF', 'HHFFFFF', 'HHHFHHF', 'HFFFFFH', 'HFHHFFG']",196,0.0,0.0
1,"['SHFFFHH', 'FFHHFFF', 'HFFHFFF', 'HHFFHHH', 'HHFFFFH', 'HHFHHFF', 'FFFHFFG']",274,0.0,0.0
1,"['SHHHFHH', 'FHHHHHH', 'FHHFHFF', 'FFFFHHF', 'HHFFFFH', 'HFHHHFH', 'HHHHHFG']",119,0.0,0.0
1,"['SHFFFHH', 'FFFHHFF', 'HHFFHFH', 'HHHFHHF', 'HFFFFFH', 'HHHFFFF', 'HFFFHHG']",177,0.0,0.0
1,"['SHFFHHH', 'FFFFHFH', 'FHHFFFH', 'HHHFHFF', 'HHHHHFH', 'HHHHHFH', 'HHHHHFG']",296,0.0,0.0
1,"['SFFHHFH', 'FHFHFFF', 'HHFHHFF', 'FFFFFHF', 'FFHFFFF', 'FFHHFFF', 'FHFFFFG']",277,0.0,0.0
1,"['SFFHHFF', 'FFFHFHH', 'HFFFFHH', 'FHFHFHF', 'HHHFFHF', 'FFHFHHH', 'HFFFFFG']",106,0.0,0.0
1,"['SFHFFFH', 'FFFHFFH', 'FFFFFFF', 'FFFHFFF', 'FFFFFFF', 'HHFFFFF', 'FHFFFFG']",110,0.0,0.0
1,"['SFHFHFF', 'FFHFHFH', 'FFHFFFF', 'FFFFHFF', 'HHHFHFF', 'FFFFFHF', 'HFFFFHG']",107,0.0,0.0
1,"['SFFHFFF', 'FHFHHHF', 'FFHHHHF', 'HFFHHHF', 'FFFFHFH', 'HHFFFFF', 'FHHFHFG']",130,0.0,0.0
1,"['SHFHFFF', 'FFFFFFH', 'FHFHFFF', 'HHHFHHF', 'HFHHFFF', 'FFFHHFF', 'FFFFFFG']",131,0.0,0.0
1,"['SFFFHFH', 'FFFFHHF', 'FFHFHHH', 'HHFFFFF', 'FFHHHFH', 'HFHHHFF', 'FHHFFFG']",140,0.0,0.0
1,"['SFFFHHH', 'FFHHHFH', 'HFFHFFH', 'FFFFHFF', 'HFFFFHF', 'FFHHFFH', 'FFHFHFG']",262,0.0,0.0
1,"['SFHFHHF', 'HFHHHFF', 'HFFFHHH', 'HFHFFHH', 'HFHHFFF', 'HHHHFFF', 'FFHHFHG']",250,0.0,0.0
1,"['SFFHFHH', 'FHFFFHH', 'FHHHFFF', 'HHHFFHF', 'FFHHFFH', 'FHHFFFF', 'HHFFHFG']",288,0.0,0.0
1,"['SFFFHHF', 'FFHFFFH', 'FFHFHHH', 'HFHFFHF', 'HHHHFFH', 'HFHHHFF', 'FHHFHHG']",244,0.0,0.0
1,"['SFFFFHF', 'FFHFFHF', 'FFHFHFF', 'FHFFHHF', 'FFFFFHH', 'HFHFHFF', 'HFHFFFG']",249,0.0,0.0
1,"['SFFFHFF', 'FFHFFHH', 'HHHFHFF', 'FHFFHHH', 'HFHFHHH', 'FHFFFHF', 'HHFHFFG']",299,0.0,0.0
1,"['SFFFFHF', 'HFHHFHF', 'HFFHFFH', 'FFHHFFH', 'FFHFHFH', 'HFHFFFF', 'FFHFHFG']",300,0.0,0.0
1,"['SFHFFHF', 'FFHFHFF', 'FFFHFFH', 'HFFHFHH', 'FHFFFFF', 'HHHFHFF', 'FHHFHFG']",115,0.0,0.0
1,"['SFHHFHH', 'HFFHFFH', 'HHFHHHH', 'HFFFFFF', 'FFFHHFF', 'HHFHHHF', 'FHHFFHG']",119,0.0,0.0
1,"['SHHHHFF', 'FFHHFFF', 'FFHFFHH', 'FFFFFFH', 'FFHHFFH', 'FFHFFFF', 'HFFFFHG']",178,0.0,0.0
1,"['SFFFFFH', 'FFFHFFF', 'FFHHFHF', 'HHHHFFH', 'FHFHFHF', 'HFHHFFF', 'HHFFFHG']",183,0.0,0.0
1,"['SFFFFHF', 'HFFFFHF', 'FHFHFHF', 'FHHFFFH', 'FHHHFFH', 'HHHHFHF', 'HHHHFFG']",161,0.0,0.0
1,"['SFFHHFF', 'FFFFFHF', 'HHHFFHH', 'HFHHFFF', 'HHHHHFH', 'HHHHHFF', 'HFHHFHG']",266,0.0,0.0
1,"['SHHHHHF', 'FHHHFFH', 'FFHHFHF', 'HFFHHFH', 'HFFHFHH', 'HHFHHFF', 'FHFFFFG']",168,0.0,0.0
1,"['SFFFHHH', 'FFHHHHH', 'HFHFHHH', 'HFFFFFH', 'HFFHHFH', 'FHHHHFF', 'HHFHFHG']",104,0.0,0.0
1,"['SHHHHFF', 'FFHFHHH', 'HFFFHFF', 'HHFHHHF', 'HHFFFFF', 'HHFFHFF', 'FFFFHHG']",191,0.0,0.0
1,"['SFHHHHF', 'HFFHHFH', 'FHFFHHH', 'FHHFHHF', 'HHFFFFH', 'HHFHHFH', 'HHHHHFG']",130,0.0,0.0
1,"['SHHHHHF', 'FFHHHHH', 'FFFFFFH', 'FFFHHFF', 'HHFFHHH', 'HFHFFFH', 'HHHHFFG']",102,0.0,0.0
1,"['SHHHFHH', 'FFHHHFF', 'HFHHHHF', 'HFHHFHF', 'FFFFHFH', 'HFHFFFF', 'FHFFFHG']",193,0.0,0.0
1,"['SFHHHHF', 'HFHFHFH', 'HFHFFFF', 'HFFFFFH', 'FFHHFFF', 'HHHFHHF', 'HHHHFHG']",109,0.0,0.0
1,"['SFHHFHH', 'FHHFHHH', 'FHFFHFF', 'FHHHFHH', 'FHHFFFH', 'FFFHFHF', 'HHFFFFG']",269,0.0,0.0
1,"['SFFFFHH', 'HFHFFHF', 'FFHFFFH', 'FFFFHFF', 'FFHFFFF', 'FFFFFFF', 'FFFFFFG']",140,0.0,0.0
1,"['SFFHHFH', 'HFFFFFH', 'FFHFFFF', 'FFHFFHF', 'HHHFFFF', 'HFFHFFF', 'FHFHFHG']",201,0.0,0.0
1,"['SFHHFFH', 'HFFFFFH', 'FHHHHFF', 'FHHHHFF', 'FHHHFFF', 'FHHHFFH', 'HHHFHFG']",102,0.0,0.0
1,"['SFFFFFH', 'HFHHFHH', 'HHFHFHH', 'HHHHFFH', 'HHHHHFH', 'HHHHHFF', 'HFHHHHG']",192,0.0,0.0
1,"['SHHHFHH', 'FFHHHFH', 'FHHHHHF', 'FFFHFHF', 'HFFHFHH', 'HHFFFFF', 'HFHHHHG']",185,0.0,0.0
1,"['SHFFHHF', 'FFHFFHF', 'FFFFFHF', 'FHFHHFF', 'FFFFHHH', 'FHFFFFH', 'HFHFFFG']",158,0.0,0.0
1,"['SFFFFHF', 'FFHFFFF', 'FHFFHFF', 'HHFFFHF', 'HFHHFHH', 'HFFHFFF', 'FFFFFFG']",125,0.0,0.0
1,"['SFFHHFF', 'HFFFHFF', 'FHFFHFH', 'FHHFFFF', 'FFHHHHF', 'FHHHFHF', 'HHFFHHG']",113,0.0,0.0
1,"['SHHHHHF', 'FFFHFFF', 'FHFFHFF', 'HFFFFFH', 'HFFHFFH', 'FFHHHFF', 'FHFFHFG']",275,0.0,0.0
1,"['SFFFFHF', 'FFHHHFF', 'FFFFFFF', 'FHHHHFH', 'HFFHFFF', 'FHFHFHF', 'HFFFHFG']",103,0.0,0.0
1,"['SFFFFFF', 'FHHHHFF', 'HFHHHFF', 'FHFHHFH', 'HHHHHFH', 'HFHHHFH', 'HFHHHFG']",252,0.0,0.0
